objectid,title,creator,specific_date,date,description,subject,location,latitude,longitude,source,identifier,type,specific_format,format,language,rights,rightsstatement,display_template,object_location,image_small,image_thumb,image_alt_text,object_transcript,finding_aid,visibility,extent
pk02cf04t,Envelope addressed to Mr. C.L. Smith,,circa 1912,1912,,,,,,"MS0002-- BOX 1-- FOLDER 4-- Series: Personal Papers - Correspondence Grace E. Barneburg Papers, Cal Poly Kennedy Library Special Collections and Archives",002-1-c-01-04-01,Text,Envelope,image/jpeg,,Notice regarding copyright of materials available online: http://lib.calpoly.edu/support/policies/sca-policies/copyright-guidelines/#online-copyright,,image,https://6cff3iwnwia62qiqak74dkfsku0fwjsd.lambda-url.us-west-2.on.aws/iiif/2/f5bf8fccd5f11a4992af2b836c6812b0711d4a9c/full/max/0/default.jpg,"https://6cff3iwnwia62qiqak74dkfsku0fwjsd.lambda-url.us-west-2.on.aws/iiif/2/f5bf8fccd5f11a4992af2b836c6812b0711d4a9c/full/800,/0/default.jpg","https://6cff3iwnwia62qiqak74dkfsku0fwjsd.lambda-url.us-west-2.on.aws/iiif/2/f5bf8fccd5f11a4992af2b836c6812b0711d4a9c/full/450,/0/default.jpg",,,http://www.oac.cdlib.org/findaid/ark:/13030/c8tq632m/,open,
gh93h3576,Economic Aspects of the Liquor Problem,Grace E. Barneberg,,,Essay written about the economic aspect of the liquor problem,,"San Luis Obispo, California, United States",,,"MS0002-- BOX 1-- FOLDER 4 Grace E. Barneburg Papers, Cal Poly Kennedy Library Special Collections and Archives",002-1-c-01-04-02,Text,Document,application/pdf,eng,Notice regarding copyright of materials available online: http://lib.calpoly.edu/support/policies/sca-policies/copyright-guidelines/#online-copyright,,pdf,https://archives.calstate.edu/downloads/x059cc324,,https://archives.calstate.edu/downloads/x059cc324?file=thumbnail,,,http://www.oac.cdlib.org/findaid/ark:/13030/c8tq632m/,open,
8k71nm590,Permanent Equipment,,,,Price Estimates,,"San Luis Obispo, California, United States",,,"MS0002-- BOX 1-- FOLDER 4 Grace E. Barneburg Papers, Cal Poly Kennedy Library Special Collections and Archives",002-1-c-01-04-03,Text,Document,application/pdf,eng,Notice regarding copyright of materials available online: http://lib.calpoly.edu/support/policies/sca-policies/copyright-guidelines/#online-copyright,,pdf,https://archives.calstate.edu/downloads/8c97kv38z,,https://archives.calstate.edu/downloads/8c97kv38z?file=thumbnail,,,http://www.oac.cdlib.org/findaid/ark:/13030/c8tq632m/,open,
f4752m79c,[Note from Hotel Ramona],,,,Hotel Ramona Stationary,,"San Luis Obispo, California, United States",,,"MS0002-- BOX 1-- FOLDER 4 Grace E. Barneburg Papers, Cal Poly Kennedy Library Special Collections and Archives",002-1-c-01-04-04,Text,Document,application/pdf,eng,Notice regarding copyright of materials available online: http://lib.calpoly.edu/support/policies/sca-policies/copyright-guidelines/#online-copyright,,pdf,https://archives.calstate.edu/downloads/6t053k997,,https://archives.calstate.edu/downloads/6t053k997?file=thumbnail,,,http://www.oac.cdlib.org/findaid/ark:/13030/c8tq632m/,open,
f4752m17c,"Correspondence Warren, Earl to Barneberg, Grace",Earl Warren,1953-12-11,1953-12-11,"Thank you note regarding Warren's appointment to Supreme Court. Letter, December 11, 1953",,"Washington, District of Columbia, United States",,,"MS0002-- BOX 1-- FOLDER 5 Grace E. Barneburg Papers, Cal Poly Kennedy Library Special Collections and Archives",002-1-c-01-05-01,Text,Letter,image/jpeg,eng,Notice regarding copyright of materials available online: http://lib.calpoly.edu/support/policies/sca-policies/copyright-guidelines/#online-copyright,,image,https://6cff3iwnwia62qiqak74dkfsku0fwjsd.lambda-url.us-west-2.on.aws/iiif/2/3364831ca221396a7d155b39fe72f960d55828e8/full/max/0/default.jpg,"https://6cff3iwnwia62qiqak74dkfsku0fwjsd.lambda-url.us-west-2.on.aws/iiif/2/3364831ca221396a7d155b39fe72f960d55828e8/full/800,/0/default.jpg","https://6cff3iwnwia62qiqak74dkfsku0fwjsd.lambda-url.us-west-2.on.aws/iiif/2/3364831ca221396a7d155b39fe72f960d55828e8/full/450,/0/default.jpg",,,http://www.oac.cdlib.org/findaid/ark:/13030/c8tq632m/,open,
ng451m823,Miss Grace Barneberg,Shigham Photography,,,"Black and White Portrait of Grace Barneberg, Shigham, San Francisco",,"San Francisco, California, United States",,,"MS0002-- BOX 1-- FOLDER 6 Grace E. Barneburg Papers, Cal Poly Kennedy Library Special Collections and Archives",002-1-d-01-06-01,Image,Photographic print,image/jpeg,,Notice regarding copyright of materials available online: http://lib.calpoly.edu/support/policies/sca-policies/copyright-guidelines/#online-copyright,,image,https://6cff3iwnwia62qiqak74dkfsku0fwjsd.lambda-url.us-west-2.on.aws/iiif/2/5f7efe5ea3298cb9ba00f9624a57d6ec6f47b575/full/max/0/default.jpg,"https://6cff3iwnwia62qiqak74dkfsku0fwjsd.lambda-url.us-west-2.on.aws/iiif/2/5f7efe5ea3298cb9ba00f9624a57d6ec6f47b575/full/800,/0/default.jpg","https://6cff3iwnwia62qiqak74dkfsku0fwjsd.lambda-url.us-west-2.on.aws/iiif/2/5f7efe5ea3298cb9ba00f9624a57d6ec6f47b575/full/450,/0/default.jpg",,,http://www.oac.cdlib.org/findaid/ark:/13030/c8tq632m/,open,
cn69m756z,[Portrait of Marnie Meredith],Fitzhugh Photograph,,,"Black and White Portrait of Marnie Meredith, Fitzhugh Los Angeles",,"Los Angeles, California, United States",,,"MS0002-- BOX 1-- FOLDER 6 Grace E. Barneburg Papers, Cal Poly Kennedy Library Special Collections and Archives",002-1-d-01-06-02,Image,Photographic print,image/jpeg,,Notice regarding copyright of materials available online: http://lib.calpoly.edu/support/policies/sca-policies/copyright-guidelines/#online-copyright,,image,https://6cff3iwnwia62qiqak74dkfsku0fwjsd.lambda-url.us-west-2.on.aws/iiif/2/0a38771c451b449363e91af2e99ceaa74da621db/full/max/0/default.jpg,"https://6cff3iwnwia62qiqak74dkfsku0fwjsd.lambda-url.us-west-2.on.aws/iiif/2/0a38771c451b449363e91af2e99ceaa74da621db/full/800,/0/default.jpg","https://6cff3iwnwia62qiqak74dkfsku0fwjsd.lambda-url.us-west-2.on.aws/iiif/2/0a38771c451b449363e91af2e99ceaa74da621db/full/450,/0/default.jpg",,,http://www.oac.cdlib.org/findaid/ark:/13030/c8tq632m/,open,
rr172151c,Miss Grace Barneberg,Lewis Photography,,,"Black and White Portrait of young Grace Barneberg, Lewis San Luis Obispo",,"San Luis Obispo, California, United States",,,"MS0002-- BOX 1-- FOLDER 6 Grace E. Barneburg Papers, Cal Poly Kennedy Library Special Collections and Archives",002-1-d-01-06-03,Image,Photographic print,image/jpeg,,Notice regarding copyright of materials available online: http://lib.calpoly.edu/support/policies/sca-policies/copyright-guidelines/#online-copyright,,image,https://6cff3iwnwia62qiqak74dkfsku0fwjsd.lambda-url.us-west-2.on.aws/iiif/2/6815c6477d8fbeadea9a3fcc0d071eff66882301/full/max/0/default.jpg,"https://6cff3iwnwia62qiqak74dkfsku0fwjsd.lambda-url.us-west-2.on.aws/iiif/2/6815c6477d8fbeadea9a3fcc0d071eff66882301/full/800,/0/default.jpg","https://6cff3iwnwia62qiqak74dkfsku0fwjsd.lambda-url.us-west-2.on.aws/iiif/2/6815c6477d8fbeadea9a3fcc0d071eff66882301/full/450,/0/default.jpg",,,http://www.oac.cdlib.org/findaid/ark:/13030/c8tq632m/,open,
d504rp627,Miss Grace Barneberg,Shigham Photography,,,"Black and white Portrait of Grace Barneberg, Shigham San Francisco",,"San Francisco, United States, California",,,"MS0002-- BOX 1-- FOLDER 6 Grace E. Barneburg Papers, Cal Poly Kennedy Library Special Collections and Archives",002-1-d-01-06-04,Image,Photographic print,image/jpeg,,Notice regarding copyright of materials available online: http://lib.calpoly.edu/support/policies/sca-policies/copyright-guidelines/#online-copyright,,image,https://6cff3iwnwia62qiqak74dkfsku0fwjsd.lambda-url.us-west-2.on.aws/iiif/2/11a034a7790b5e1c7ec02e599c187963958fdea0/full/max/0/default.jpg,"https://6cff3iwnwia62qiqak74dkfsku0fwjsd.lambda-url.us-west-2.on.aws/iiif/2/11a034a7790b5e1c7ec02e599c187963958fdea0/full/800,/0/default.jpg","https://6cff3iwnwia62qiqak74dkfsku0fwjsd.lambda-url.us-west-2.on.aws/iiif/2/11a034a7790b5e1c7ec02e599c187963958fdea0/full/450,/0/default.jpg",,,http://www.oac.cdlib.org/findaid/ark:/13030/c8tq632m/,open,
w3763b19z,[Portrait of Grace Barneberg at home],,,,Black and white Photograph of elderly Grace Barneberg sitting in a living room,,"San Luis Obispo, California, United States",,,"MS0002-- BOX 1-- FOLDER 6 Grace E. Barneburg Papers, Cal Poly Kennedy Library Special Collections and Archives",002-1-d-01-06-05,Image,Photographic print,image/jpeg,,Notice regarding copyright of materials available online: http://lib.calpoly.edu/support/policies/sca-policies/copyright-guidelines/#online-copyright,,image,https://6cff3iwnwia62qiqak74dkfsku0fwjsd.lambda-url.us-west-2.on.aws/iiif/2/f1f33319f3fd772aadd2d0b55077bac1fe089591/full/max/0/default.jpg,"https://6cff3iwnwia62qiqak74dkfsku0fwjsd.lambda-url.us-west-2.on.aws/iiif/2/f1f33319f3fd772aadd2d0b55077bac1fe089591/full/800,/0/default.jpg","https://6cff3iwnwia62qiqak74dkfsku0fwjsd.lambda-url.us-west-2.on.aws/iiif/2/f1f33319f3fd772aadd2d0b55077bac1fe089591/full/450,/0/default.jpg",,,http://www.oac.cdlib.org/findaid/ark:/13030/c8tq632m/,open,
m613n2431,In Front of Maxines [front and back],,1918-04-03,1918-04-03,,,"San Luis Obispo, California, United States",,,"MS0002-- BOX 1-- FOLDER 7 Grace E. Barneburg Papers, Cal Poly Kennedy Library Special Collections and Archives",002-1-d-01-07-01,Image,Photographic print,image/jpeg,,Notice regarding copyright of materials available online: http://lib.calpoly.edu/support/policies/sca-policies/copyright-guidelines/#online-copyright,,image,https://6cff3iwnwia62qiqak74dkfsku0fwjsd.lambda-url.us-west-2.on.aws/iiif/2/1f0c8cf9b4784e549fd61b5e40a5919a283779d6/full/max/0/default.jpg,"https://6cff3iwnwia62qiqak74dkfsku0fwjsd.lambda-url.us-west-2.on.aws/iiif/2/1f0c8cf9b4784e549fd61b5e40a5919a283779d6/full/800,/0/default.jpg","https://6cff3iwnwia62qiqak74dkfsku0fwjsd.lambda-url.us-west-2.on.aws/iiif/2/1f0c8cf9b4784e549fd61b5e40a5919a283779d6/full/450,/0/default.jpg",,,http://www.oac.cdlib.org/findaid/ark:/13030/c8tq632m/,open,
z029p823t,"In Front of Maxines San Luis Obispo Apr. 3, 1918 [2] [front and back]",,1918-04-03,1918-04-03,"Helen Palmer, Helen Shipsey, Mable Weathers, Marcella Fitzgerald, Maxine Barneberg, outdoors 1918. Women wearing pants.",,"San Luis Obispo, California, United States",,,"MS0002-- BOX 1-- FOLDER 7 Grace E. Barneburg Papers, Cal Poly Kennedy Library Special Collections and Archives",002-1-d-01-07-02,Image,Photographic print,image/jpeg,eng,Notice regarding copyright of materials available online: http://lib.calpoly.edu/support/policies/sca-policies/copyright-guidelines/#online-copyright,,image,https://6cff3iwnwia62qiqak74dkfsku0fwjsd.lambda-url.us-west-2.on.aws/iiif/2/18bf186e3a22c4ba94b08e61518c1cc4b0f8f834/full/max/0/default.jpg,"https://6cff3iwnwia62qiqak74dkfsku0fwjsd.lambda-url.us-west-2.on.aws/iiif/2/18bf186e3a22c4ba94b08e61518c1cc4b0f8f834/full/800,/0/default.jpg","https://6cff3iwnwia62qiqak74dkfsku0fwjsd.lambda-url.us-west-2.on.aws/iiif/2/18bf186e3a22c4ba94b08e61518c1cc4b0f8f834/full/450,/0/default.jpg",,,http://www.oac.cdlib.org/findaid/ark:/13030/c8tq632m/,open,
5425kd984,Chinese Funeral in SLO,,,,Black and white photograph of Chinese parade procession in San Luis Obispo. Chinese history in California.,,"San Luis Obispo, California, United States",,,"MS0002-- BOX 1-- FOLDER 8 Grace E. Barneburg Papers, Cal Poly Kennedy Library Special Collections and Archives",002-1-d-01-08-01,Image,Photographic print,image/jpeg,,Notice regarding copyright of materials available online: http://lib.calpoly.edu/support/policies/sca-policies/copyright-guidelines/#online-copyright,,image,https://6cff3iwnwia62qiqak74dkfsku0fwjsd.lambda-url.us-west-2.on.aws/iiif/2/0fd36920f4cb17840d4a5b056cb8906f5798e4b3/full/max/0/default.jpg,"https://6cff3iwnwia62qiqak74dkfsku0fwjsd.lambda-url.us-west-2.on.aws/iiif/2/0fd36920f4cb17840d4a5b056cb8906f5798e4b3/full/800,/0/default.jpg","https://6cff3iwnwia62qiqak74dkfsku0fwjsd.lambda-url.us-west-2.on.aws/iiif/2/0fd36920f4cb17840d4a5b056cb8906f5798e4b3/full/450,/0/default.jpg",,,http://www.oac.cdlib.org/findaid/ark:/13030/c8tq632m/,open,
kh04dt252,[Horace Vachell ?],Arnold Photography,,,"Portrait, Arnold San Luis Obispo, Cal.",,"San Luis Obispo, California, United States",,,"MS0002-- BOX 1-- FOLDER 9 Grace E. Barneburg Papers, Cal Poly Kennedy Library Special Collections and Archives",002-1-d-01-09-01,Image,Photographic print,image/jpeg,,Notice regarding copyright of materials available online: http://lib.calpoly.edu/support/policies/sca-policies/copyright-guidelines/#online-copyright,,image,https://6cff3iwnwia62qiqak74dkfsku0fwjsd.lambda-url.us-west-2.on.aws/iiif/2/af8f3803685f2f1f8edbda8057e79ea9dba5b254/full/max/0/default.jpg,"https://6cff3iwnwia62qiqak74dkfsku0fwjsd.lambda-url.us-west-2.on.aws/iiif/2/af8f3803685f2f1f8edbda8057e79ea9dba5b254/full/800,/0/default.jpg","https://6cff3iwnwia62qiqak74dkfsku0fwjsd.lambda-url.us-west-2.on.aws/iiif/2/af8f3803685f2f1f8edbda8057e79ea9dba5b254/full/450,/0/default.jpg",,,http://www.oac.cdlib.org/findaid/ark:/13030/c8tq632m/,open,
1c18dk07h,[Unidentified Portrait],Aston Photography,,,"Portrait, Aston San Luis Obispo, Cal.",,"San Luis Obispo, California, United States",,,"MS0002-- BOX 1-- FOLDER 10 Grace E. Barneburg Papers, Cal Poly Kennedy Library Special Collections and Archives",002-1-d-01-10-01,Image,Photographic print,image/jpeg,,Notice regarding copyright of materials available online: http://lib.calpoly.edu/support/policies/sca-policies/copyright-guidelines/#online-copyright,,image,https://6cff3iwnwia62qiqak74dkfsku0fwjsd.lambda-url.us-west-2.on.aws/iiif/2/39ddfd07fa5d6ca99584132612f225d167a6a527/full/max/0/default.jpg,"https://6cff3iwnwia62qiqak74dkfsku0fwjsd.lambda-url.us-west-2.on.aws/iiif/2/39ddfd07fa5d6ca99584132612f225d167a6a527/full/800,/0/default.jpg","https://6cff3iwnwia62qiqak74dkfsku0fwjsd.lambda-url.us-west-2.on.aws/iiif/2/39ddfd07fa5d6ca99584132612f225d167a6a527/full/450,/0/default.jpg",,,http://www.oac.cdlib.org/findaid/ark:/13030/c8tq632m/,open,
tb09j9125,[Unidentified Photo],,,,"Black and white photograph of two women and one man in traditional German dress, on a roof",,,,,"MS0002-- BOX 1-- FOLDER 10 Grace E. Barneburg Papers, Cal Poly Kennedy Library Special Collections and Archives",002-1-d-01-10-02,Image,Photographic print,image/jpeg,,Notice regarding copyright of materials available online: http://lib.calpoly.edu/support/policies/sca-policies/copyright-guidelines/#online-copyright,,image,https://6cff3iwnwia62qiqak74dkfsku0fwjsd.lambda-url.us-west-2.on.aws/iiif/2/f54d847940e3d1f79089f6419da029b7ffa3c9ec/full/max/0/default.jpg,"https://6cff3iwnwia62qiqak74dkfsku0fwjsd.lambda-url.us-west-2.on.aws/iiif/2/f54d847940e3d1f79089f6419da029b7ffa3c9ec/full/800,/0/default.jpg","https://6cff3iwnwia62qiqak74dkfsku0fwjsd.lambda-url.us-west-2.on.aws/iiif/2/f54d847940e3d1f79089f6419da029b7ffa3c9ec/full/450,/0/default.jpg",,,http://www.oac.cdlib.org/findaid/ark:/13030/c8tq632m/,open,
1z40kx56r,By-Laws of the Mitre Club,,,,Front Cover of booklet containing the by-laws of the Mitre Club,,"San Luis Obispo, California, United States",,,"MS0002-- BOX 1-- FOLDER 11 Grace E. Barneburg Papers, Cal Poly Kennedy Library Special Collections and Archives",002-1-e-01-11-01,Text,,application/pdf,eng,Notice regarding copyright of materials available online: http://lib.calpoly.edu/support/policies/sca-policies/copyright-guidelines/#online-copyright,,pdf,https://archives.calstate.edu/downloads/st74cv276,,https://archives.calstate.edu/downloads/st74cv276?file=thumbnail,,,http://www.oac.cdlib.org/findaid/ark:/13030/c8tq632m/,open,
nk322h87q,"Eugenics A Journal of Race Betterment, Volume II, March, 1929, Number 3",American Eugenics Society,1929-03,1929-03,"Front and Back Cover of Eugenics Journal, March 1929",,"New Haven, Connecticut, United States",,,"MS0002-- BOX 1-- FOLDER 12 Grace E. Barneburg Papers, Cal Poly Kennedy Library Special Collections and Archives",002-1-e-01-12-01,Text,Pamphlet,application/pdf,eng,Notice regarding copyright of materials available online: http://lib.calpoly.edu/support/policies/sca-policies/copyright-guidelines/#online-copyright,,pdf,https://archives.calstate.edu/downloads/xw42nc794,,https://archives.calstate.edu/downloads/xw42nc794?file=thumbnail,,,http://www.oac.cdlib.org/findaid/ark:/13030/c8tq632m/,open,
0k225f804,A Friendship Christmas,Grace E. Barneberg,,,"Collection of short stories by Grace Barneberg, undated , about the aged and elderly living in County or State homes who have no family or friends who visit them during Christmas.",,"San Luis Obispo, California, United States",,,"MS0002-- BOX 1-- FOLDER 13 Grace E. Barneburg Papers, Cal Poly Kennedy Library Special Collections and Archives",002-2-a-01-13-01,Text,Document,application/pdf,eng,Notice regarding copyright of materials available online: http://lib.calpoly.edu/support/policies/sca-policies/copyright-guidelines/#online-copyright,,pdf,https://archives.calstate.edu/downloads/hh63t046b,,https://archives.calstate.edu/downloads/hh63t046b?file=thumbnail,,,http://www.oac.cdlib.org/findaid/ark:/13030/c8tq632m/,open,
wm117s10k,[Unidentified Men],,,,"Black and white photograph of men seated outdoors. Laval Company Inc. Commercial Photographers, Fresno, Calif.",,"Fresno, California, United States",,,"MS0002-- BOX 1-- FOLDER 14 Grace E. Barneburg Papers, Cal Poly Kennedy Library Special Collections and Archives",002-2-a-01-14-01,Image,Photographic print,image/jpeg,,Notice regarding copyright of materials available online: http://lib.calpoly.edu/support/policies/sca-policies/copyright-guidelines/#online-copyright,,image,https://6cff3iwnwia62qiqak74dkfsku0fwjsd.lambda-url.us-west-2.on.aws/iiif/2/931248f9d5b96cfb0385858a02f8ecc5d935321b/full/max/0/default.jpg,"https://6cff3iwnwia62qiqak74dkfsku0fwjsd.lambda-url.us-west-2.on.aws/iiif/2/931248f9d5b96cfb0385858a02f8ecc5d935321b/full/800,/0/default.jpg","https://6cff3iwnwia62qiqak74dkfsku0fwjsd.lambda-url.us-west-2.on.aws/iiif/2/931248f9d5b96cfb0385858a02f8ecc5d935321b/full/450,/0/default.jpg",,,http://www.oac.cdlib.org/findaid/ark:/13030/c8tq632m/,open,
4j03d281b,[Unidentified Women],,,,"Black and White Photograph of women seated outdoors. Laval Company Inc. Commercial Photographers, Fresno, Calif. Written note: ""Some of the five thousand from when the 'Dream' departed",,"Fresno, California, United States",,,"MS0002-- BOX 1-- FOLDER 15 Grace E. Barneburg Papers, Cal Poly Kennedy Library Special Collections and Archives",002-2-a-01-15-01,Image,Photographic print,image/jpeg,,Notice regarding copyright of materials available online: http://lib.calpoly.edu/support/policies/sca-policies/copyright-guidelines/#online-copyright,,image,https://6cff3iwnwia62qiqak74dkfsku0fwjsd.lambda-url.us-west-2.on.aws/iiif/2/f2bb6b4b0324e21bc408074e1045139eb159a339/full/max/0/default.jpg,"https://6cff3iwnwia62qiqak74dkfsku0fwjsd.lambda-url.us-west-2.on.aws/iiif/2/f2bb6b4b0324e21bc408074e1045139eb159a339/full/800,/0/default.jpg","https://6cff3iwnwia62qiqak74dkfsku0fwjsd.lambda-url.us-west-2.on.aws/iiif/2/f2bb6b4b0324e21bc408074e1045139eb159a339/full/450,/0/default.jpg",,,http://www.oac.cdlib.org/findaid/ark:/13030/c8tq632m/,open,
ww72bg009,[Correspondence Robert Rea to Grace Barneberg],Robert Rea,1929-02-14,1929-02-14,"Letter, February 14, 1929 Public Library San Francisco regarding the creation of a Department of Institutional Libraries, and bringing books and educational materials into the California prison system.",,"San Francisco, California, United States",,,"MS0002-- BOX 1-- FOLDER 16 Grace E. Barneburg Papers, Cal Poly Kennedy Library Special Collections and Archives",002-2-b-01-16-01,Text,Letter,image/jpeg,eng,Notice regarding copyright of materials available online: http://lib.calpoly.edu/support/policies/sca-policies/copyright-guidelines/#online-copyright,,image,https://6cff3iwnwia62qiqak74dkfsku0fwjsd.lambda-url.us-west-2.on.aws/iiif/2/46db6ec6991b6443a53eec6d113c9aa495c5c06e/full/max/0/default.jpg,"https://6cff3iwnwia62qiqak74dkfsku0fwjsd.lambda-url.us-west-2.on.aws/iiif/2/46db6ec6991b6443a53eec6d113c9aa495c5c06e/full/800,/0/default.jpg","https://6cff3iwnwia62qiqak74dkfsku0fwjsd.lambda-url.us-west-2.on.aws/iiif/2/46db6ec6991b6443a53eec6d113c9aa495c5c06e/full/450,/0/default.jpg",,,http://www.oac.cdlib.org/findaid/ark:/13030/c8tq632m/,open,
6q182p434,[Correspondence Robert Rea to Grace Barneberg],Robert Rea,1929-04-29,1929-04-29,"Letter, April 29, 1929 Public Library San Francisco regarding the creation of a Department of Institutional Libraries, and bringing books and educational materials into the California prison system.",,"San Francisco, California, United States",,,"MS0002-- BOX 1-- FOLDER 16 Grace E. Barneburg Papers, Cal Poly Kennedy Library Special Collections and Archives",002-2-b-01-16-02,Text,Letter,image/jpeg,eng,Notice regarding copyright of materials available online: http://lib.calpoly.edu/support/policies/sca-policies/copyright-guidelines/#online-copyright,,image,https://6cff3iwnwia62qiqak74dkfsku0fwjsd.lambda-url.us-west-2.on.aws/iiif/2/5fcd52de50fbb795444efe80bfbd7896955578b1/full/max/0/default.jpg,"https://6cff3iwnwia62qiqak74dkfsku0fwjsd.lambda-url.us-west-2.on.aws/iiif/2/5fcd52de50fbb795444efe80bfbd7896955578b1/full/800,/0/default.jpg","https://6cff3iwnwia62qiqak74dkfsku0fwjsd.lambda-url.us-west-2.on.aws/iiif/2/5fcd52de50fbb795444efe80bfbd7896955578b1/full/450,/0/default.jpg",,,http://www.oac.cdlib.org/findaid/ark:/13030/c8tq632m/,open,
ns0649599,CA Library Inventory Survey [1],,1929-02,1929-02,"Part of CA State Hospital Library Inventory Survey documenting the need for books and educational materials in the California hospital, prison, and institution systems.",,"California, United States",,,"MS0002-- BOX 1-- FOLDER 17 Grace E. Barneburg Papers, Cal Poly Kennedy Library Special Collections and Archives",002-2-b-01-17-01,Text,Letter,application/pdf,eng,Notice regarding copyright of materials available online: http://lib.calpoly.edu/support/policies/sca-policies/copyright-guidelines/#online-copyright,,pdf,https://archives.calstate.edu/downloads/3x816r863,,https://archives.calstate.edu/downloads/3x816r863?file=thumbnail,,,http://www.oac.cdlib.org/findaid/ark:/13030/c8tq632m/,open,
8910jz38g,State Narcotic Hospital Response to CA Library Inventory Survey,,1929-02-13,1929-02-13,"Part of CA State Hospital Library Inventory Survey documenting the need for books and educational materials in the California hospital, prison, and institution systems.",,"Spadra, California, United States",,,"MS0002-- BOX 1-- FOLDER 17 Grace E. Barneburg Papers, Cal Poly Kennedy Library Special Collections and Archives",002-2-b-01-17-02,Text,Letter,application/pdf,eng,Notice regarding copyright of materials available online: http://lib.calpoly.edu/support/policies/sca-policies/copyright-guidelines/#online-copyright,,pdf,https://archives.calstate.edu/downloads/tt44ps04r,,https://archives.calstate.edu/downloads/tt44ps04r?file=thumbnail,,,http://www.oac.cdlib.org/findaid/ark:/13030/c8tq632m/,open,
12579w71j,"Letter from Superintendent H. Close to Grace E. Barneberg, February 13, 1929",H. Close^^author,1929-02-13,1929-02-13,"Letter reads: 'My dear Miss Barneberg: I am returning the blank enclosed, regarding library service at this institution. I believe that the California Federation of Women's Clubs can render a real service to the state by securing improved library service for state institutions. Good reading material properly distributed will keep many minds occupied that would otherwise be idle or conjuring up trouble for themselves and the institution. There is, also, an opportunity to be of real service to many inmates, by aiding them in self-improvement thru correspondence courses, and well selected reading along technical and trade lines.'",,"Waterman, California, United States",,,"MS0002-- BOX 1-- FOLDER 17-- Series: Professional Papers - Department of Institutional Libraries Grace E. Barneburg Papers, Cal Poly Kennedy Library Special Collections and Archives",002-2-b-01-17-03,Text,Letter,image/jpeg,eng,Notice regarding copyright of materials available online: http://lib.calpoly.edu/support/policies/sca-policies/copyright-guidelines/#online-copyright,,image,https://6cff3iwnwia62qiqak74dkfsku0fwjsd.lambda-url.us-west-2.on.aws/iiif/2/57910af5665e40197778b4ba04b781b8ed19c985/full/max/0/default.jpg,"https://6cff3iwnwia62qiqak74dkfsku0fwjsd.lambda-url.us-west-2.on.aws/iiif/2/57910af5665e40197778b4ba04b781b8ed19c985/full/800,/0/default.jpg","https://6cff3iwnwia62qiqak74dkfsku0fwjsd.lambda-url.us-west-2.on.aws/iiif/2/57910af5665e40197778b4ba04b781b8ed19c985/full/450,/0/default.jpg",,,http://www.oac.cdlib.org/findaid/ark:/13030/c8tq632m/,open,8.5 in. X 11 in.
n296x274d,Pacific Colony Response to CA Library Survey,,1929-02-14,1929-02-14,"Part of CA State Hospital Library Inventory Survey documenting the need for books and educational materials in the California hospital, prison, and institution systems.",,"Spadra, California, United States",,,"MS0002-- BOX 1-- FOLDER 17 Grace E. Barneburg Papers, Cal Poly Kennedy Library Special Collections and Archives",002-2-b-01-17-04,Text,Letter,application/pdf,eng,Notice regarding copyright of materials available online: http://lib.calpoly.edu/support/policies/sca-policies/copyright-guidelines/#online-copyright,,pdf,https://archives.calstate.edu/downloads/4t64gr96r,,https://archives.calstate.edu/downloads/4t64gr96r?file=thumbnail,,,http://www.oac.cdlib.org/findaid/ark:/13030/c8tq632m/,open,
nc580r270,Sonoma State Home Response to CA Library Inventory Survey,,1929-02-15,1929-02-15,"Part of CA State Hospital Library Inventory Survey documenting the need for books and educational materials in the California hospital, prison, and institution systems.",,"Eldridge, California, United States",,,"MS0002-- BOX 1-- FOLDER 17 Grace E. Barneburg Papers, Cal Poly Kennedy Library Special Collections and Archives",002-2-b-01-17-05,Text,Letter,application/pdf,eng,Notice regarding copyright of materials available online: http://lib.calpoly.edu/support/policies/sca-policies/copyright-guidelines/#online-copyright,,pdf,https://archives.calstate.edu/downloads/dn39x506m,,https://archives.calstate.edu/downloads/dn39x506m?file=thumbnail,,,http://www.oac.cdlib.org/findaid/ark:/13030/c8tq632m/,open,
cn69m798g,Stockton State Hospital Response to CA Library Inventory,,1929-02-27,1929-02-27,"Part of CA State Hospital Library Inventory Survey documenting the need for books and educational materials in the California hospital, prison, and institution systems.",,"Stockton, California, United States",,,"MS0002-- BOX 1-- FOLDER 17 Grace E. Barneburg Papers, Cal Poly Kennedy Library Special Collections and Archives",002-2-b-01-17-06,Text,Letter,application/pdf,eng,Notice regarding copyright of materials available online: http://lib.calpoly.edu/support/policies/sca-policies/copyright-guidelines/#online-copyright,,pdf,https://archives.calstate.edu/downloads/qn59q821t,,https://archives.calstate.edu/downloads/qn59q821t?file=thumbnail,,,http://www.oac.cdlib.org/findaid/ark:/13030/c8tq632m/,open,
2n49t489d,"Survey filled out by California State Prison, San Quentin",,,,"Part of CA State Hospital Library Inventory Survey documenting the need for books and educational materials in the California hospital, prison, and institution systems.",,"San Quentin, California, United States",,,"MS0002-- BOX 1-- FOLDER 17 Grace E. Barneburg Papers, Cal Poly Kennedy Library Special Collections and Archives",002-2-b-01-17-07,Text,Letter,image/jpeg,eng,Notice regarding copyright of materials available online: http://lib.calpoly.edu/support/policies/sca-policies/copyright-guidelines/#online-copyright,,image,https://6cff3iwnwia62qiqak74dkfsku0fwjsd.lambda-url.us-west-2.on.aws/iiif/2/48cfae4a84f0ddf467c133a9efd5b10ce0e522c0/full/max/0/default.jpg,"https://6cff3iwnwia62qiqak74dkfsku0fwjsd.lambda-url.us-west-2.on.aws/iiif/2/48cfae4a84f0ddf467c133a9efd5b10ce0e522c0/full/800,/0/default.jpg","https://6cff3iwnwia62qiqak74dkfsku0fwjsd.lambda-url.us-west-2.on.aws/iiif/2/48cfae4a84f0ddf467c133a9efd5b10ce0e522c0/full/450,/0/default.jpg",,,http://www.oac.cdlib.org/findaid/ark:/13030/c8tq632m/,open,
mp48sh72t,California School for the Deaf Response to CA Library Inventory Survey,,1929-03-08,1929-03-08,"Part of CA State Hospital Library Inventory Survey documenting the need for books and educational materials in the California hospital, prison, and institution systems.",,"Berkeley, California, United States",,,"MS0002-- BOX 1-- FOLDER 17 Grace E. Barneburg Papers, Cal Poly Kennedy Library Special Collections and Archives",002-2-b-01-17-08,Text,Letter,application/pdf,eng,Notice regarding copyright of materials available online: http://lib.calpoly.edu/support/policies/sca-policies/copyright-guidelines/#online-copyright,,pdf,https://archives.calstate.edu/downloads/v979v667c,,https://archives.calstate.edu/downloads/v979v667c?file=thumbnail,,,http://www.oac.cdlib.org/findaid/ark:/13030/c8tq632m/,open,
qr46r4224,Survey filled out by Norwalk State Hospital,,,,"Part of CA State Hospital Library Inventory Survey documenting the need for books and educational materials in the California hospital, prison, and institution systems.",,"Norwalk, California, United States",,,"MS0002-- BOX 1-- FOLDER 17 Grace E. Barneburg Papers, Cal Poly Kennedy Library Special Collections and Archives",002-2-b-01-17-09,Text,Letter,image/jpeg,eng,Notice regarding copyright of materials available online: http://lib.calpoly.edu/support/policies/sca-policies/copyright-guidelines/#online-copyright,,image,https://6cff3iwnwia62qiqak74dkfsku0fwjsd.lambda-url.us-west-2.on.aws/iiif/2/dd60f7b7297219aa63d6908105be80e5f54267cf/full/max/0/default.jpg,"https://6cff3iwnwia62qiqak74dkfsku0fwjsd.lambda-url.us-west-2.on.aws/iiif/2/dd60f7b7297219aa63d6908105be80e5f54267cf/full/800,/0/default.jpg","https://6cff3iwnwia62qiqak74dkfsku0fwjsd.lambda-url.us-west-2.on.aws/iiif/2/dd60f7b7297219aa63d6908105be80e5f54267cf/full/450,/0/default.jpg",,,http://www.oac.cdlib.org/findaid/ark:/13030/c8tq632m/,open,
tt44ps051,Industrial Home for the Adult Blind Response to CA Library Inventory Survey,,1929-03-15,1929-03-15,"Part of CA State Hospital Library Inventory Survey documenting the need for books and educational materials in the California hospital, prison, and institution systems.",,"Oakland, California, United States",,,"MS0002-- BOX 1-- FOLDER 17 Grace E. Barneburg Papers, Cal Poly Kennedy Library Special Collections and Archives",002-2-b-01-17-10,Text,Letter,application/pdf,eng,Notice regarding copyright of materials available online: http://lib.calpoly.edu/support/policies/sca-policies/copyright-guidelines/#online-copyright,,pdf,https://archives.calstate.edu/downloads/ng451n455,,https://archives.calstate.edu/downloads/ng451n455?file=thumbnail,,,http://www.oac.cdlib.org/findaid/ark:/13030/c8tq632m/,open,
08612s31d,Survey filled out by Napa State Hospital,,,,"Part of CA State Hospital Library Inventory Survey documenting the need for books and educational materials in the California hospital, prison, and institution systems.",,"Imola, California, United States",,,"MS0002-- BOX 1-- FOLDER 17 Grace E. Barneburg Papers, Cal Poly Kennedy Library Special Collections and Archives",002-2-b-01-17-11,Text,Letter,image/jpeg,eng,Notice regarding copyright of materials available online: http://lib.calpoly.edu/support/policies/sca-policies/copyright-guidelines/#online-copyright,,image,https://6cff3iwnwia62qiqak74dkfsku0fwjsd.lambda-url.us-west-2.on.aws/iiif/2/03f1f9f4fb0569b4eae57139efcaedfefa920d3b/full/max/0/default.jpg,"https://6cff3iwnwia62qiqak74dkfsku0fwjsd.lambda-url.us-west-2.on.aws/iiif/2/03f1f9f4fb0569b4eae57139efcaedfefa920d3b/full/800,/0/default.jpg","https://6cff3iwnwia62qiqak74dkfsku0fwjsd.lambda-url.us-west-2.on.aws/iiif/2/03f1f9f4fb0569b4eae57139efcaedfefa920d3b/full/450,/0/default.jpg",,,http://www.oac.cdlib.org/findaid/ark:/13030/c8tq632m/,open,
bn9999962,Blank Survey,,,,"Part of CA State Hospital Library Inventory Survey documenting the need for books and educational materials in the California hospital, prison, and institution systems.",,"San Luis Obispo, California, United States",,,"MS0002-- BOX 1-- FOLDER 17 Grace E. Barneburg Papers, Cal Poly Kennedy Library Special Collections and Archives",002-2-b-01-17-12,Text,Letter,image/jpeg,eng,Notice regarding copyright of materials available online: http://lib.calpoly.edu/support/policies/sca-policies/copyright-guidelines/#online-copyright,,image,https://6cff3iwnwia62qiqak74dkfsku0fwjsd.lambda-url.us-west-2.on.aws/iiif/2/f60d2642c4f6f2a8486a621f732a551f3a9d65a1/full/max/0/default.jpg,"https://6cff3iwnwia62qiqak74dkfsku0fwjsd.lambda-url.us-west-2.on.aws/iiif/2/f60d2642c4f6f2a8486a621f732a551f3a9d65a1/full/800,/0/default.jpg","https://6cff3iwnwia62qiqak74dkfsku0fwjsd.lambda-url.us-west-2.on.aws/iiif/2/f60d2642c4f6f2a8486a621f732a551f3a9d65a1/full/450,/0/default.jpg",,,http://www.oac.cdlib.org/findaid/ark:/13030/c8tq632m/,open,
2801pm25s,Correspondence Shipsey to Barneberg 1944,W. T. Shipsey,1944-05-04,1944-05-04,"Letter regarding fire safety in the San Luis Obispo Public Library, May 4th, 1944",,"San Luis Obispo, California, United States",,,"MS0002-- BOX 1-- FOLDER 18 Grace E. Barneburg Papers, Cal Poly Kennedy Library Special Collections and Archives",002-2-c-01-18-01,Text,Letter,application/pdf,eng,Notice regarding copyright of materials available online: http://lib.calpoly.edu/support/policies/sca-policies/copyright-guidelines/#online-copyright,,pdf,https://archives.calstate.edu/downloads/pc289n77v,,https://archives.calstate.edu/downloads/pc289n77v?file=thumbnail,,,http://www.oac.cdlib.org/findaid/ark:/13030/c8tq632m/,open,
zs25xc85p,"Poem to Mrs. Kellogg, Undated",Grace E. Barneberg,,,"Goodbye poem to Mrs. Kellog, librarian, undated. The poem reads: 'It's not often, I say -- it's not every day/ One is asked to do something tremendous --/ A deed in that hour that surpasses her power--/ In fact to do something stupendous!/ I'm to say what I please for the Library trustees--/ And I'll read it for fear I might blunder--/ The virtues to tell, the praises to swell/ Of a woman who's surely a wonder./ In our library here we have one without peer/ Who gives thought and concern to each reader;/ she's our guide and our friend; she does good without end;/ In our midst she's been always a leader./ Her spirit is fine; she's the tops in her line; In her work she takes pleasure and pride./ She is ""A One"" we know -- and yet she will go!/ We shall miss her in ways far and wide./ And since she is leaving, to Kansas proceeding,/ We suppose it is all for the best;/ Yet we think she's relenting for she's merely renting/ Her little cream home in the West./ So, Dame Kellogg, we say in our very crude way/ au revoir, not good-bye, for this time;/ Bon voyage'",,"San Luis Obispo, California, United States",,,"MS0002-- BOX 1-- FOLDER 19 Grace E. Barneburg Papers, Cal Poly Kennedy Library Special Collections and Archives",002-2-c-01-19-01,Text,Document,image/jpeg,eng,Notice regarding copyright of materials available online: http://lib.calpoly.edu/support/policies/sca-policies/copyright-guidelines/#online-copyright,,image,https://6cff3iwnwia62qiqak74dkfsku0fwjsd.lambda-url.us-west-2.on.aws/iiif/2/92c48e182c29eba968fd28fb22d75a2e2718da42/full/max/0/default.jpg,"https://6cff3iwnwia62qiqak74dkfsku0fwjsd.lambda-url.us-west-2.on.aws/iiif/2/92c48e182c29eba968fd28fb22d75a2e2718da42/full/800,/0/default.jpg","https://6cff3iwnwia62qiqak74dkfsku0fwjsd.lambda-url.us-west-2.on.aws/iiif/2/92c48e182c29eba968fd28fb22d75a2e2718da42/full/450,/0/default.jpg",,,http://www.oac.cdlib.org/findaid/ark:/13030/c8tq632m/,open,
pk02cf59d,"Forty-third Annual Report of the San Luis Obispo Library for the Fiscal Year Ending June 30, 1939",,1905-04-22,1905-04-22,"Annual report for the San Luis Obispo Public Library: finances, circulation, membership, book report. Fiscal year ending June 30, 1939",,"San Luis Obispo, California, United States",,,"MS0002-- BOX 1-- FOLDER 20 Grace E. Barneburg Papers, Cal Poly Kennedy Library Special Collections and Archives",002-2-c-01-20-01,Text,Report,application/pdf,eng,Notice regarding copyright of materials available online: http://lib.calpoly.edu/support/policies/sca-policies/copyright-guidelines/#online-copyright,,pdf,https://archives.calstate.edu/downloads/08612s80b,,https://archives.calstate.edu/downloads/08612s80b?file=thumbnail,,,http://www.oac.cdlib.org/findaid/ark:/13030/c8tq632m/,open,
mk61rm91h,Free Public Library financial report for July 1940,,1940-08-01,1940-08-01,"A summary report for the month of July 1940, with an attachment of the 44th annual financial report for the San Luis Obispo Free Public Library's 1939-1940 fiscal year.",,"San Luis Obispo, California, United States",,,"MS0002-- BOX 1-- FOLDER 20-- Series: Professional Papers - Free Public Library, San Luis Obispo Grace E. Barneburg Papers, Cal Poly Kennedy Library Special Collections and Archives",002-2-c-01-20-02,Text,Report,application/pdf,eng,Notice regarding copyright of materials available online: http://lib.calpoly.edu/support/policies/sca-policies/copyright-guidelines/#online-copyright,,pdf,https://archives.calstate.edu/downloads/gx41mn28m,,https://archives.calstate.edu/downloads/gx41mn28m?file=thumbnail,,,http://www.oac.cdlib.org/findaid/ark:/13030/c8tq632m/,open,
2r36v207c,Circulation Report [June 1941-42],,1905-04-25,1905-04-25,"Circulation and Membership of the San Luis Obispo Public Library, fiscal year 1941-42",,"San Luis Obispo, California, United States",,,"MS0002-- BOX 1-- FOLDER 20 Grace E. Barneburg Papers, Cal Poly Kennedy Library Special Collections and Archives",002-2-c-01-20-03,Text,Letter,image/jpeg,eng,Notice regarding copyright of materials available online: http://lib.calpoly.edu/support/policies/sca-policies/copyright-guidelines/#online-copyright,,image,https://6cff3iwnwia62qiqak74dkfsku0fwjsd.lambda-url.us-west-2.on.aws/iiif/2/b15d111c43dcd2197d7b7a4b0f743050725255a5/full/max/0/default.jpg,"https://6cff3iwnwia62qiqak74dkfsku0fwjsd.lambda-url.us-west-2.on.aws/iiif/2/b15d111c43dcd2197d7b7a4b0f743050725255a5/full/800,/0/default.jpg","https://6cff3iwnwia62qiqak74dkfsku0fwjsd.lambda-url.us-west-2.on.aws/iiif/2/b15d111c43dcd2197d7b7a4b0f743050725255a5/full/450,/0/default.jpg",,,http://www.oac.cdlib.org/findaid/ark:/13030/c8tq632m/,open,
h989r659x,[Library Budget Fiscal Year 1942-3],,,,Projected budget of the San Luis Obispo Public Library for fiscal year 1942-43,,"San Luis Obispo, California, United States",,,"MS0002-- BOX 1-- FOLDER 20 Grace E. Barneburg Papers, Cal Poly Kennedy Library Special Collections and Archives",002-2-c-01-20-04,Text,Letter,image/jpeg,eng,Notice regarding copyright of materials available online: http://lib.calpoly.edu/support/policies/sca-policies/copyright-guidelines/#online-copyright,,image,https://6cff3iwnwia62qiqak74dkfsku0fwjsd.lambda-url.us-west-2.on.aws/iiif/2/c075970aa716d75def003d83df0df8dacded8fac/full/max/0/default.jpg,"https://6cff3iwnwia62qiqak74dkfsku0fwjsd.lambda-url.us-west-2.on.aws/iiif/2/c075970aa716d75def003d83df0df8dacded8fac/full/800,/0/default.jpg","https://6cff3iwnwia62qiqak74dkfsku0fwjsd.lambda-url.us-west-2.on.aws/iiif/2/c075970aa716d75def003d83df0df8dacded8fac/full/450,/0/default.jpg",,,http://www.oac.cdlib.org/findaid/ark:/13030/c8tq632m/,open,
5h73q059n,Reid Bros. Inc. Wholesale Hospital Supplies Receipt,Reid Bros. Inc.,1922-04-22,1922-04-22,"Receipt of purchases for San Luis Health Center including crutches, bed pan, male urinal,",,"San Francisco, California, United States",,,"MS0002-- BOX 1-- FOLDER 21 Grace E. Barneburg Papers, Cal Poly Kennedy Library Special Collections and Archives",002-2-d-01-21-01,Text,Document,image/jpeg,eng,Notice regarding copyright of materials available online: http://lib.calpoly.edu/support/policies/sca-policies/copyright-guidelines/#online-copyright,,image,https://6cff3iwnwia62qiqak74dkfsku0fwjsd.lambda-url.us-west-2.on.aws/iiif/2/347faee33aae677ffb09cba081cb7e3fb21f7a93/full/max/0/default.jpg,"https://6cff3iwnwia62qiqak74dkfsku0fwjsd.lambda-url.us-west-2.on.aws/iiif/2/347faee33aae677ffb09cba081cb7e3fb21f7a93/full/800,/0/default.jpg","https://6cff3iwnwia62qiqak74dkfsku0fwjsd.lambda-url.us-west-2.on.aws/iiif/2/347faee33aae677ffb09cba081cb7e3fb21f7a93/full/450,/0/default.jpg",,,http://www.oac.cdlib.org/findaid/ark:/13030/c8tq632m/,open,
70795c523,County Health Center May 1921-Jan 1922,,1905-04-05,1905-04-05,"Work Accomplished and future projects for the San Luis County Health Center, budget, expenditures,",,"San Luis Obispo, California, United States",,,"MS0002-- BOX 1-- FOLDER 21 Grace E. Barneburg Papers, Cal Poly Kennedy Library Special Collections and Archives",002-2-d-01-21-02,Text,Document,application/pdf,eng,Notice regarding copyright of materials available online: http://lib.calpoly.edu/support/policies/sca-policies/copyright-guidelines/#online-copyright,,pdf,https://archives.calstate.edu/downloads/gq67jw13q,,https://archives.calstate.edu/downloads/gq67jw13q?file=thumbnail,,,http://www.oac.cdlib.org/findaid/ark:/13030/c8tq632m/,open,
1544bs900,County Dental Clinic 1921,,1905-04-04,1905-04-04,Supply or inventory list for San Luis Obispo County Dental Clinic,,"San Luis Obispo, California, United States",,,"MS0002-- BOX 1-- FOLDER 22 Grace E. Barneburg Papers, Cal Poly Kennedy Library Special Collections and Archives",002-2-d-01-22-01,Text,Document,application/pdf,eng,Notice regarding copyright of materials available online: http://lib.calpoly.edu/support/policies/sca-policies/copyright-guidelines/#online-copyright,,pdf,https://archives.calstate.edu/downloads/f7623h26k,,https://archives.calstate.edu/downloads/f7623h26k?file=thumbnail,,,http://www.oac.cdlib.org/findaid/ark:/13030/c8tq632m/,open,
pr76f736t,Account of County Dental Clinic May 1- Dec 24 1921,,1905-04-04,1905-04-04,"Expenditures and receipts of the San Luis Obispo County Dental Clinic May 1- December 24, 1921",,"San Luis Obispo, California, United States",,,"MS0002-- BOX 1-- FOLDER 22 Grace E. Barneburg Papers, Cal Poly Kennedy Library Special Collections and Archives",002-2-d-01-22-02,Text,Document,application/pdf,eng,Notice regarding copyright of materials available online: http://lib.calpoly.edu/support/policies/sca-policies/copyright-guidelines/#online-copyright,,pdf,https://archives.calstate.edu/downloads/pc289n784,,https://archives.calstate.edu/downloads/pc289n784?file=thumbnail,,,http://www.oac.cdlib.org/findaid/ark:/13030/c8tq632m/,open,
ht24wn77z,County Dental Clinic 1921 Report on Work Done Thus Far,,1905-04-04,1905-04-04,"Detailed account of dental work done at the San Luis Obispo County Dental Clinic ""thus far"" in the year 1921",,"San Luis Obispo, California, United States",,,"MS0002-- BOX 1-- FOLDER 22 Grace E. Barneburg Papers, Cal Poly Kennedy Library Special Collections and Archives",002-2-d-01-22-03,Text,Document,image/jpeg,eng,Notice regarding copyright of materials available online: http://lib.calpoly.edu/support/policies/sca-policies/copyright-guidelines/#online-copyright,,image,https://6cff3iwnwia62qiqak74dkfsku0fwjsd.lambda-url.us-west-2.on.aws/iiif/2/c11ef4799ffb217580eb5b6bd6e47e2e7f1f63a9/full/max/0/default.jpg,"https://6cff3iwnwia62qiqak74dkfsku0fwjsd.lambda-url.us-west-2.on.aws/iiif/2/c11ef4799ffb217580eb5b6bd6e47e2e7f1f63a9/full/800,/0/default.jpg","https://6cff3iwnwia62qiqak74dkfsku0fwjsd.lambda-url.us-west-2.on.aws/iiif/2/c11ef4799ffb217580eb5b6bd6e47e2e7f1f63a9/full/450,/0/default.jpg",,,http://www.oac.cdlib.org/findaid/ark:/13030/c8tq632m/,open,
h128nj98v,Account [of County Dental Clinic] Jan 1922,,1922-01,1922-01,"Expenditures and receipts, finances, work completed, of the San Luis Obispo County Dental Clinic Jan 1922",,"San Luis Obispo, California, United States",,,"MS0002-- BOX 1-- FOLDER 22 Grace E. Barneburg Papers, Cal Poly Kennedy Library Special Collections and Archives",002-2-d-01-22-04,Text,Document,application/pdf,eng,Notice regarding copyright of materials available online: http://lib.calpoly.edu/support/policies/sca-policies/copyright-guidelines/#online-copyright,,pdf,https://archives.calstate.edu/downloads/j3860b66k,,https://archives.calstate.edu/downloads/j3860b66k?file=thumbnail,,,http://www.oac.cdlib.org/findaid/ark:/13030/c8tq632m/,open,
w3763b77v,San Luis Obispo County Dental Clinic Daily Work Records,,1905-04-05,1905-04-05,Daily work records for May and June 1922 of the San Luis Obispo County Dental Clinic,,"San Luis Obispo, California, United States",,,"MS0002-- BOX 1-- FOLDER 22 Grace E. Barneburg Papers, Cal Poly Kennedy Library Special Collections and Archives",002-2-d-01-22-05,Text,Document,application/pdf,eng,Notice regarding copyright of materials available online: http://lib.calpoly.edu/support/policies/sca-policies/copyright-guidelines/#online-copyright,,pdf,https://archives.calstate.edu/downloads/mk61rm92s,,https://archives.calstate.edu/downloads/mk61rm92s?file=thumbnail,,,http://www.oac.cdlib.org/findaid/ark:/13030/c8tq632m/,open,
dj52w857k,Correspondence to Chris Juperre (?) to Cubbert Wilson (?),Chris Juperre,,,Letter of recommendation for the appointment of Grace Barneberg to the Board of the Women's Prison,,"Sacramento, California, United States",,,"MS0002-- BOX 1-- FOLDER 23 Grace E. Barneburg Papers, Cal Poly Kennedy Library Special Collections and Archives",002-2-e-01-23-01,Text,Letter,application/pdf,eng,Notice regarding copyright of materials available online: http://lib.calpoly.edu/support/policies/sca-policies/copyright-guidelines/#online-copyright,,pdf,https://archives.calstate.edu/downloads/6108vg41t,,https://archives.calstate.edu/downloads/6108vg41t?file=thumbnail,,,http://www.oac.cdlib.org/findaid/ark:/13030/c8tq632m/,open,
d217qt55s,"[San Quentin Prison Report:] Educational, Library, and Religious Activities for the biennium ending June 30, 1928",,1928-07-01,1928-07-01,"Detailed report of the activities at San Quentin prison including: facilities improvements, educational activity, the completion of the women's prison, road camps, instructional classes, the quality of work completed by the students, summary of education of inmates prior to incarceration, recommendations to improve, library book circulation, religious activity, schedule of religious services offered.",,"San Quentin, California, United States",,,"MS0002-- BOX 1-- FOLDER 23 Grace E. Barneburg Papers, Cal Poly Kennedy Library Special Collections and Archives",002-2-e-01-23-02,Text,Report,application/pdf,eng,Notice regarding copyright of materials available online: http://lib.calpoly.edu/support/policies/sca-policies/copyright-guidelines/#online-copyright,,pdf,https://archives.calstate.edu/downloads/wh246w94c,,https://archives.calstate.edu/downloads/wh246w94c?file=thumbnail,,,http://www.oac.cdlib.org/findaid/ark:/13030/c8tq632m/,open,
m613n208f,World Friendship Among Children,The Committee on World Friendship Among Children,1905-04-11,1905-04-11,"Front Cover, Brochure, 1928 for a program for American children to send letters and school supplies to children in Mexico.",,"New York, United States",,,"MS0002-- BOX 1-- FOLDER 24 Grace E. Barneburg Papers, Cal Poly Kennedy Library Special Collections and Archives",002-2-f-01-24-01,Text,Pamphlet,image/jpeg,eng,Notice regarding copyright of materials available online: http://lib.calpoly.edu/support/policies/sca-policies/copyright-guidelines/#online-copyright,,image,https://6cff3iwnwia62qiqak74dkfsku0fwjsd.lambda-url.us-west-2.on.aws/iiif/2/bc8b9c0af08c20302b96398ae3129d94069a3572/full/max/0/default.jpg,"https://6cff3iwnwia62qiqak74dkfsku0fwjsd.lambda-url.us-west-2.on.aws/iiif/2/bc8b9c0af08c20302b96398ae3129d94069a3572/full/800,/0/default.jpg","https://6cff3iwnwia62qiqak74dkfsku0fwjsd.lambda-url.us-west-2.on.aws/iiif/2/bc8b9c0af08c20302b96398ae3129d94069a3572/full/450,/0/default.jpg",,,http://www.oac.cdlib.org/findaid/ark:/13030/c8tq632m/,open,
2r36v254r,Felix and Josephine Abecede [front and back],,,,Note on back: Mrs. F. Abcede 700 1/2 Temple St. Los Angeles Calif.,,,,,"MS0002-- BOX 1-- FOLDER 25 Grace E. Barneburg Papers, Cal Poly Kennedy Library Special Collections and Archives",002-2-f-01-25-01,Image,Photographic print,image/jpeg,eng,Notice regarding copyright of materials available online: http://lib.calpoly.edu/support/policies/sca-policies/copyright-guidelines/#online-copyright,,image,https://6cff3iwnwia62qiqak74dkfsku0fwjsd.lambda-url.us-west-2.on.aws/iiif/2/00321fc3add6931a30de2afd1a00e32afd41e895/full/max/0/default.jpg,"https://6cff3iwnwia62qiqak74dkfsku0fwjsd.lambda-url.us-west-2.on.aws/iiif/2/00321fc3add6931a30de2afd1a00e32afd41e895/full/800,/0/default.jpg","https://6cff3iwnwia62qiqak74dkfsku0fwjsd.lambda-url.us-west-2.on.aws/iiif/2/00321fc3add6931a30de2afd1a00e32afd41e895/full/450,/0/default.jpg",,,http://www.oac.cdlib.org/findaid/ark:/13030/c8tq632m/,open,
xw42nc441,List of Officers Wives of the 40th Division,,,,"Address Directory for the Officers Wives of the 40th Division, undated",,"San Luis Obispo, California, United States",,,"MS0002-- BOX 1-- FOLDER 26 Grace E. Barneburg Papers, Cal Poly Kennedy Library Special Collections and Archives",002-2-g-01-26-01,Text,Document,image/jpeg,eng,Notice regarding copyright of materials available online: http://lib.calpoly.edu/support/policies/sca-policies/copyright-guidelines/#online-copyright,,image,https://6cff3iwnwia62qiqak74dkfsku0fwjsd.lambda-url.us-west-2.on.aws/iiif/2/dfb29d8efff0d1bca5ec755f34c2cbafa664383a/full/max/0/default.jpg,"https://6cff3iwnwia62qiqak74dkfsku0fwjsd.lambda-url.us-west-2.on.aws/iiif/2/dfb29d8efff0d1bca5ec755f34c2cbafa664383a/full/800,/0/default.jpg","https://6cff3iwnwia62qiqak74dkfsku0fwjsd.lambda-url.us-west-2.on.aws/iiif/2/dfb29d8efff0d1bca5ec755f34c2cbafa664383a/full/450,/0/default.jpg",,,http://www.oac.cdlib.org/findaid/ark:/13030/c8tq632m/,open,
dj52w858v,Directory of Officers Living Off Post 1941,,1941-03-28,1941-03-28,"Address directory of officers living offpost, in San Luis Obispo County, 1941",,"San Luis Obispo, United States, California",,,"MS0002-- BOX 1-- FOLDER 27 Grace E. Barneburg Papers, Cal Poly Kennedy Library Special Collections and Archives",002-2-g-01-27-01,Text,Document,application/pdf,eng,Notice regarding copyright of materials available online: http://lib.calpoly.edu/support/policies/sca-policies/copyright-guidelines/#online-copyright,,pdf,https://archives.calstate.edu/downloads/08612s81m,,https://archives.calstate.edu/downloads/08612s81m?file=thumbnail,,,http://www.oac.cdlib.org/findaid/ark:/13030/c8tq632m/,open,
6395wc06f,Officers Families Residing in Vicinity of Camp SLO,,,,Address Directory of officers' families living near Camp San Luis Obispo and in San Luis Obispo County,,"San Luis Obispo, California, United States",,,"MS0002-- BOX 1-- FOLDER 28 Grace E. Barneburg Papers, Cal Poly Kennedy Library Special Collections and Archives",002-2-g-01-28-01,Text,Letter,application/pdf,eng,Notice regarding copyright of materials available online: http://lib.calpoly.edu/support/policies/sca-policies/copyright-guidelines/#online-copyright,,pdf,https://archives.calstate.edu/downloads/ws859k444,,https://archives.calstate.edu/downloads/ws859k444?file=thumbnail,,,http://www.oac.cdlib.org/findaid/ark:/13030/c8tq632m/,open,
7w62fd29m,Junior Red Cross Lunch Room Program,,1918-08-01,1918-08-01,"Booklet with local advertisements in San Luis Obispo, the day's lunch menu and prices, of the Junior Red Cross Lunch Room",,"San Luis Obispo, California, United States",,,"MS0002-- BOX 1-- FOLDER 29 Grace E. Barneburg Papers, Cal Poly Kennedy Library Special Collections and Archives",002-2-g-01-29-01,Text,Document,application/pdf,eng,Notice regarding copyright of materials available online: http://lib.calpoly.edu/support/policies/sca-policies/copyright-guidelines/#online-copyright,,pdf,https://archives.calstate.edu/downloads/0k225f81d,,https://archives.calstate.edu/downloads/0k225f81d?file=thumbnail,,,http://www.oac.cdlib.org/findaid/ark:/13030/c8tq632m/,open,
n583xz61d,Red Cross Parade Photograph [front and back],,1905-04-01,1905-04-01,Note on back of photograph reads: Grace Barneberg Photo in front of Civic Auditorium,,"San Luis Obispo, California, United States",,,"MS0002-- BOX 1-- FOLDER 30 Grace E. Barneburg Papers, Cal Poly Kennedy Library Special Collections and Archives",002-2-g-01-30-01,Image,Photographic print,image/jpeg,eng,Notice regarding copyright of materials available online: http://lib.calpoly.edu/support/policies/sca-policies/copyright-guidelines/#online-copyright,,image,https://6cff3iwnwia62qiqak74dkfsku0fwjsd.lambda-url.us-west-2.on.aws/iiif/2/184e8fb3bda7048f88f52776a0f659ea59500d4b/full/max/0/default.jpg,"https://6cff3iwnwia62qiqak74dkfsku0fwjsd.lambda-url.us-west-2.on.aws/iiif/2/184e8fb3bda7048f88f52776a0f659ea59500d4b/full/800,/0/default.jpg","https://6cff3iwnwia62qiqak74dkfsku0fwjsd.lambda-url.us-west-2.on.aws/iiif/2/184e8fb3bda7048f88f52776a0f659ea59500d4b/full/450,/0/default.jpg",,,http://www.oac.cdlib.org/findaid/ark:/13030/c8tq632m/,open,
j9602431z,Red Cross Parade Photograph,,,,Note on back reads: Grace Barneberg Photograph,,"San Luis Obispo, California, United States",,,"MS0002-- BOX 1-- FOLDER 30 Grace E. Barneburg Papers, Cal Poly Kennedy Library Special Collections and Archives",002-2-g-01-30-02,Image,Photographic print,image/jpeg,,Notice regarding copyright of materials available online: http://lib.calpoly.edu/support/policies/sca-policies/copyright-guidelines/#online-copyright,,image,https://6cff3iwnwia62qiqak74dkfsku0fwjsd.lambda-url.us-west-2.on.aws/iiif/2/653e164a0c1df986a4c42918fc3a0b647661551d/full/max/0/default.jpg,"https://6cff3iwnwia62qiqak74dkfsku0fwjsd.lambda-url.us-west-2.on.aws/iiif/2/653e164a0c1df986a4c42918fc3a0b647661551d/full/800,/0/default.jpg","https://6cff3iwnwia62qiqak74dkfsku0fwjsd.lambda-url.us-west-2.on.aws/iiif/2/653e164a0c1df986a4c42918fc3a0b647661551d/full/450,/0/default.jpg",,,http://www.oac.cdlib.org/findaid/ark:/13030/c8tq632m/,open,
wp988p95c,Red Cross Parade Photograph,,,,Note on back reads: Grace Barneberg Photo Monterey St. Civic Auditorium in background,,"San Luis Obispo, California, United States",,,"MS0002-- BOX 1-- FOLDER 30 Grace E. Barneburg Papers, Cal Poly Kennedy Library Special Collections and Archives",002-2-g-01-30-03,Image,Photographic print,image/jpeg,,Notice regarding copyright of materials available online: http://lib.calpoly.edu/support/policies/sca-policies/copyright-guidelines/#online-copyright,,image,https://6cff3iwnwia62qiqak74dkfsku0fwjsd.lambda-url.us-west-2.on.aws/iiif/2/6f9961ca8782722a68df8efeb97f4d4aa75acd98/full/max/0/default.jpg,"https://6cff3iwnwia62qiqak74dkfsku0fwjsd.lambda-url.us-west-2.on.aws/iiif/2/6f9961ca8782722a68df8efeb97f4d4aa75acd98/full/800,/0/default.jpg","https://6cff3iwnwia62qiqak74dkfsku0fwjsd.lambda-url.us-west-2.on.aws/iiif/2/6f9961ca8782722a68df8efeb97f4d4aa75acd98/full/450,/0/default.jpg",,,http://www.oac.cdlib.org/findaid/ark:/13030/c8tq632m/,open,
k0698c41b,"Correspondence Lorbeer to Barneberg, 1924",Mrs. J.B. Lorbeer,1924-09-05,1924-09-05,Letter regarding the formation and federation of a women's club in San Luis Obispo (to become the Monday Club),,"Santa Monica, California, United States",,,"MS0002-- BOX 1-- FOLDER 31 Grace E. Barneburg Papers, Cal Poly Kennedy Library Special Collections and Archives",002-3-a-01-31-01,Text,Letter,application/pdf,eng,Notice regarding copyright of materials available online: http://lib.calpoly.edu/support/policies/sca-policies/copyright-guidelines/#online-copyright,,pdf,https://archives.calstate.edu/downloads/0r967721p,,https://archives.calstate.edu/downloads/0r967721p?file=thumbnail,,,http://www.oac.cdlib.org/findaid/ark:/13030/c8tq632m/,open,
6h440x080,"Correspondence Toll to Barneberg Sept. 12, 1924",Eleanor J. Toll,1924-09-12,1924-09-12,"Letter, Sept. 12, 1924 regarding the formation and federation of a women's club in San Luis Obispo (to become the Monday Club)",,"Glendale, California, United States",,,"MS0002-- BOX 1-- FOLDER 32 Grace E. Barneburg Papers, Cal Poly Kennedy Library Special Collections and Archives",002-3-a-01-32-01,Text,Letter,image/jpeg,eng,Notice regarding copyright of materials available online: http://lib.calpoly.edu/support/policies/sca-policies/copyright-guidelines/#online-copyright,,image,https://6cff3iwnwia62qiqak74dkfsku0fwjsd.lambda-url.us-west-2.on.aws/iiif/2/5f3ee88332dd9135789f27901068fe72842e3ac1/full/max/0/default.jpg,"https://6cff3iwnwia62qiqak74dkfsku0fwjsd.lambda-url.us-west-2.on.aws/iiif/2/5f3ee88332dd9135789f27901068fe72842e3ac1/full/800,/0/default.jpg","https://6cff3iwnwia62qiqak74dkfsku0fwjsd.lambda-url.us-west-2.on.aws/iiif/2/5f3ee88332dd9135789f27901068fe72842e3ac1/full/450,/0/default.jpg",,,http://www.oac.cdlib.org/findaid/ark:/13030/c8tq632m/,open,
wp988p501,"Correspondence Toll to Barneberg Sept. 18, 1924",Eleanor J. Toll,1924-09-12,1924-09-12,"Letter, Sept. 18, 1924 regarding the formation and federation of a women's club in San Luis Obispo (to become the Monday Club)",,"Glendale, California, United States",,,"MS0002-- BOX 1-- FOLDER 32 Grace E. Barneburg Papers, Cal Poly Kennedy Library Special Collections and Archives",002-3-a-01-32-02,Text,Letter,image/jpeg,eng,Notice regarding copyright of materials available online: http://lib.calpoly.edu/support/policies/sca-policies/copyright-guidelines/#online-copyright,,image,https://6cff3iwnwia62qiqak74dkfsku0fwjsd.lambda-url.us-west-2.on.aws/iiif/2/c0fd6d4556d78cdd7950bd56437f2b25f30bf4e5/full/max/0/default.jpg,"https://6cff3iwnwia62qiqak74dkfsku0fwjsd.lambda-url.us-west-2.on.aws/iiif/2/c0fd6d4556d78cdd7950bd56437f2b25f30bf4e5/full/800,/0/default.jpg","https://6cff3iwnwia62qiqak74dkfsku0fwjsd.lambda-url.us-west-2.on.aws/iiif/2/c0fd6d4556d78cdd7950bd56437f2b25f30bf4e5/full/450,/0/default.jpg",,,http://www.oac.cdlib.org/findaid/ark:/13030/c8tq632m/,open,
nc580q79j,Monday Club Directory Listing C.A. Federation of Women's Clubs 1926,,1905-04-09,1905-04-09,Form filled out to register the Monday club with the California Federation of Women's Clubs.,,"San Luis Obispo, California, United States",,,"MS0002-- BOX 1-- FOLDER 33 Grace E. Barneburg Papers, Cal Poly Kennedy Library Special Collections and Archives",002-3-a-01-33-01,Text,Document,image/jpeg,eng,Notice regarding copyright of materials available online: http://lib.calpoly.edu/support/policies/sca-policies/copyright-guidelines/#online-copyright,,image,https://6cff3iwnwia62qiqak74dkfsku0fwjsd.lambda-url.us-west-2.on.aws/iiif/2/e3b159d8aff12dcd1f9a273cb4cd04b1532d3a7b/full/max/0/default.jpg,"https://6cff3iwnwia62qiqak74dkfsku0fwjsd.lambda-url.us-west-2.on.aws/iiif/2/e3b159d8aff12dcd1f9a273cb4cd04b1532d3a7b/full/800,/0/default.jpg","https://6cff3iwnwia62qiqak74dkfsku0fwjsd.lambda-url.us-west-2.on.aws/iiif/2/e3b159d8aff12dcd1f9a273cb4cd04b1532d3a7b/full/450,/0/default.jpg",,,http://www.oac.cdlib.org/findaid/ark:/13030/c8tq632m/,open,
rn301523w,Forward for the Coming Year,,1924-05-09,1924-05-09,"Monday Club Meeting Notes May 9, 1924, regarding plans for the upcoming year 1925.",,"San Luis Obispo, California, United States",,,"MS0002-- BOX 1-- FOLDER 34 Grace E. Barneburg Papers, Cal Poly Kennedy Library Special Collections and Archives",002-3-b-01-34-01,Text,Letter,application/pdf,eng,Notice regarding copyright of materials available online: http://lib.calpoly.edu/support/policies/sca-policies/copyright-guidelines/#online-copyright,,pdf,https://archives.calstate.edu/downloads/9g54xn59m,,https://archives.calstate.edu/downloads/9g54xn59m?file=thumbnail,,,http://www.oac.cdlib.org/findaid/ark:/13030/c8tq632m/,open,
n870zv084,Luncheon,,1927-10-07,1927-10-07,"Monday Club Notes Oct. 7, 1927",,"San Luis Obispo, California, United States",,,"MS0002-- BOX 1-- FOLDER 34 Grace E. Barneburg Papers, Cal Poly Kennedy Library Special Collections and Archives",002-3-b-01-34-02,Text,Letter,application/pdf,eng,Notice regarding copyright of materials available online: http://lib.calpoly.edu/support/policies/sca-policies/copyright-guidelines/#online-copyright,,pdf,https://archives.calstate.edu/downloads/8w32r937z,,https://archives.calstate.edu/downloads/8w32r937z?file=thumbnail,,,http://www.oac.cdlib.org/findaid/ark:/13030/c8tq632m/,open,
s7526h05k,Miscellaneous Notes,,,,,,"San Luis Obispo, California, United States",,,"MS0002-- BOX 1-- FOLDER 34 Grace E. Barneburg Papers, Cal Poly Kennedy Library Special Collections and Archives",002-3-b-01-34-03,Text,Document,application/pdf,eng,Notice regarding copyright of materials available online: http://lib.calpoly.edu/support/policies/sca-policies/copyright-guidelines/#online-copyright,,pdf,https://archives.calstate.edu/downloads/qr46r460j,,https://archives.calstate.edu/downloads/qr46r460j?file=thumbnail,,,http://www.oac.cdlib.org/findaid/ark:/13030/c8tq632m/,open,
mp48sh733,Monday Club Building Fund Card,Monday Club,,,Card for San Luis Service Station for the Building Fund of the Monday Club. Back contains a baking recipe.,,"San Luis Obispo, California, United States",,,"MS0002-- BOX 1-- FOLDER 35 Grace E. Barneburg Papers, Cal Poly Kennedy Library Special Collections and Archives",002-3-c-01-35-01,Text,Document,application/pdf,eng,Notice regarding copyright of materials available online: http://lib.calpoly.edu/support/policies/sca-policies/copyright-guidelines/#online-copyright,,pdf,https://archives.calstate.edu/downloads/3f4628830,,https://archives.calstate.edu/downloads/3f4628830?file=thumbnail,,,http://www.oac.cdlib.org/findaid/ark:/13030/c8tq632m/,open,
rv042x51f,Second Community Artist Series,Music Department of the Monday Club,1929-03-13,1929-03-13,"Flier program for the Second Community Artist Series, presented by the Music Department of the Monday Club featuring Mina Hager, Mezz-Contralto, March 13, 1929",,"San Luis Obispo, California, United States",,,"MS0002-- BOX 1-- FOLDER 36 Grace E. Barneburg Papers, Cal Poly Kennedy Library Special Collections and Archives",002-3-c-01-36-01,Text,Document,image/jpeg,eng,Notice regarding copyright of materials available online: http://lib.calpoly.edu/support/policies/sca-policies/copyright-guidelines/#online-copyright,,image,https://6cff3iwnwia62qiqak74dkfsku0fwjsd.lambda-url.us-west-2.on.aws/iiif/2/ea576d7e522a9d4bb469dd720e711d7f7744ae9c/full/max/0/default.jpg,"https://6cff3iwnwia62qiqak74dkfsku0fwjsd.lambda-url.us-west-2.on.aws/iiif/2/ea576d7e522a9d4bb469dd720e711d7f7744ae9c/full/800,/0/default.jpg","https://6cff3iwnwia62qiqak74dkfsku0fwjsd.lambda-url.us-west-2.on.aws/iiif/2/ea576d7e522a9d4bb469dd720e711d7f7744ae9c/full/450,/0/default.jpg",,,http://www.oac.cdlib.org/findaid/ark:/13030/c8tq632m/,open,
qv33s148h,Clubhouse 50th Anniversary,Monday Club,1983-05-22,1983-05-22,"Program, May 22, 1983. Lists Monday Club history, accomplishments",,"San Luis Obispo, California, United States",,,"MS0002-- BOX 1-- FOLDER 37 Grace E. Barneburg Papers, Cal Poly Kennedy Library Special Collections and Archives",002-3-c-01-37-01,Text,Document,application/pdf,eng,Notice regarding copyright of materials available online: http://lib.calpoly.edu/support/policies/sca-policies/copyright-guidelines/#online-copyright,,pdf,https://archives.calstate.edu/downloads/9019s6278,,https://archives.calstate.edu/downloads/9019s6278?file=thumbnail,,,http://www.oac.cdlib.org/findaid/ark:/13030/c8tq632m/,open,
pr76f676k,"Street Cleaners, The Monday Club",The Monday Club^^author,,,A poem or song titled 'Street Cleaners.',,,,,"MS0002-- BOX 1-- FOLDER 38-- Series: Monday Club Papers - Programs Grace E. Barneburg Papers, Cal Poly Kennedy Library Special Collections and Archives",002-3-c-01-38-01,Text,Song,image/jpeg,eng,Notice regarding copyright of materials available online: http://lib.calpoly.edu/support/policies/sca-policies/copyright-guidelines/#online-copyright,,image,https://6cff3iwnwia62qiqak74dkfsku0fwjsd.lambda-url.us-west-2.on.aws/iiif/2/55bf148432d3ecccfdd60c423dbad6e15653a9b6/full/max/0/default.jpg,"https://6cff3iwnwia62qiqak74dkfsku0fwjsd.lambda-url.us-west-2.on.aws/iiif/2/55bf148432d3ecccfdd60c423dbad6e15653a9b6/full/800,/0/default.jpg","https://6cff3iwnwia62qiqak74dkfsku0fwjsd.lambda-url.us-west-2.on.aws/iiif/2/55bf148432d3ecccfdd60c423dbad6e15653a9b6/full/450,/0/default.jpg",,,http://www.oac.cdlib.org/findaid/ark:/13030/c8tq632m/,open,
rn3015245,Where Yesterdays Look Backward with a Smile,,,,Typescript of poems to accompany music,,"San Luis Obispo, California, United States",,,"MS0002-- BOX 1-- FOLDER 38 Grace E. Barneburg Papers, Cal Poly Kennedy Library Special Collections and Archives",002-3-c-01-38-02,Text,Document,application/pdf,eng,Notice regarding copyright of materials available online: http://lib.calpoly.edu/support/policies/sca-policies/copyright-guidelines/#online-copyright,,pdf,https://archives.calstate.edu/downloads/gf06g659j,,https://archives.calstate.edu/downloads/gf06g659j?file=thumbnail,,,http://www.oac.cdlib.org/findaid/ark:/13030/c8tq632m/,open,
r781wk740,"Address Given by Miss Grace Barneberg at the Convention of the California Federation of Women's Clubs, at Riverside, May 9, 1934",Grace E. Barneberg,1934-05-09,1934-05-09,"Speech regarding the establishment of a women's prison at Brite Ranch, Tehachapi",,"San Luis Obispo, California, United States",,,"MS0002-- BOX 1-- FOLDER 39 Grace E. Barneburg Papers, Cal Poly Kennedy Library Special Collections and Archives",002-3-d-01-39-01,Text,Document,application/pdf,eng,Notice regarding copyright of materials available online: http://lib.calpoly.edu/support/policies/sca-policies/copyright-guidelines/#online-copyright,,pdf,https://archives.calstate.edu/downloads/mp48sh74c,,https://archives.calstate.edu/downloads/mp48sh74c?file=thumbnail,,,http://www.oac.cdlib.org/findaid/ark:/13030/c8tq632m/,open,
x059cc33d,Pundita Rumabai,Grace E. Barneberg,,,"Typescript of essay with notes, undated. About Pundita Ramabai, author of ""The High-caste Hindu Woman"", her life, and the author's experience meeting her.",,"San Luis Obispo, California, United States",,,"MS0002-- BOX 1-- FOLDER 40 Grace E. Barneburg Papers, Cal Poly Kennedy Library Special Collections and Archives",002-3-d-01-40-01,Text,Document,application/pdf,eng,Notice regarding copyright of materials available online: http://lib.calpoly.edu/support/policies/sca-policies/copyright-guidelines/#online-copyright,,pdf,https://archives.calstate.edu/downloads/bg257k00x,,https://archives.calstate.edu/downloads/bg257k00x?file=thumbnail,,,http://www.oac.cdlib.org/findaid/ark:/13030/c8tq632m/,open,
8049g9227,[Motion to Establish Mitchell Park],,1927-02-19,1927-02-19,"Collection of city council and school board documents regarding creation of Mitchell Park in San Luis Obispo, California, including budget and proposal for financing the park.",,"San Luis Obispo, California, United States",,,"MS0002-- BOX 1-- FOLDER 41 Grace E. Barneburg Papers, Cal Poly Kennedy Library Special Collections and Archives",002-3-e-01-41-01,Text,Document,application/pdf,eng,Notice regarding copyright of materials available online: http://lib.calpoly.edu/support/policies/sca-policies/copyright-guidelines/#online-copyright,,pdf,https://archives.calstate.edu/downloads/4x51hn94f,,https://archives.calstate.edu/downloads/4x51hn94f?file=thumbnail,,,http://www.oac.cdlib.org/findaid/ark:/13030/c8tq632m/,open,
9c67wr779,Lease between City of San Luis Obispo and the Board of Trustees of San Luis Obispo School District,,1905-04-10,1905-04-10,Contract agreement for the establishment of Mitchell Park in San Luis Obispo.,,"San Luis Obispo, California, United States",,,"MS0002-- BOX 1-- FOLDER 41-- Series: Monday Club Papers - Mitchell Park Square, San Luis Obispo Grace E. Barneburg Papers, Cal Poly Kennedy Library Special Collections and Archives",002-3-e-01-41-02,Text,Lease,application/pdf,eng,Notice regarding copyright of materials available online: http://lib.calpoly.edu/support/policies/sca-policies/copyright-guidelines/#online-copyright,,pdf,https://archives.calstate.edu/downloads/pv63g4248,,https://archives.calstate.edu/downloads/pv63g4248?file=thumbnail,,,http://www.oac.cdlib.org/findaid/ark:/13030/c8tq632m/,open,
qr46r461t,Lease between City of San Luis Obispo and the Board of Trustees of San Luis Obispo School District,,1905-04-10,1905-04-10,Contract agreement for the establishment of Mitchell Park in San Luis Obispo.,,"San Luis Obispo, California, United States",,,"MS0002-- BOX 1-- FOLDER 41-- Series: Monday Club Papers - Mitchell Park Square, San Luis Obispo Grace E. Barneburg Papers, Cal Poly Kennedy Library Special Collections and Archives",002-3-e-01-41-02,Text,Lease,application/pdf,eng,Notice regarding copyright of materials available online: http://lib.calpoly.edu/support/policies/sca-policies/copyright-guidelines/#online-copyright,,,#N/A,,#N/A,,,http://www.oac.cdlib.org/findaid/ark:/13030/c8tq632m/,open,
4b29b916r,"[Empty Envelope with the word ""Park""]",,,,,,"San Luis Obispo, California, United States",,,"MS0002-- BOX 1-- FOLDER 41 Grace E. Barneburg Papers, Cal Poly Kennedy Library Special Collections and Archives",002-3-e-01-41-03,Text,Document,image/jpeg,eng,Notice regarding copyright of materials available online: http://lib.calpoly.edu/support/policies/sca-policies/copyright-guidelines/#online-copyright,,image,https://6cff3iwnwia62qiqak74dkfsku0fwjsd.lambda-url.us-west-2.on.aws/iiif/2/6ec2a10288af3aab2493cdc2f770984663c88b06/full/max/0/default.jpg,"https://6cff3iwnwia62qiqak74dkfsku0fwjsd.lambda-url.us-west-2.on.aws/iiif/2/6ec2a10288af3aab2493cdc2f770984663c88b06/full/800,/0/default.jpg","https://6cff3iwnwia62qiqak74dkfsku0fwjsd.lambda-url.us-west-2.on.aws/iiif/2/6ec2a10288af3aab2493cdc2f770984663c88b06/full/450,/0/default.jpg",,,http://www.oac.cdlib.org/findaid/ark:/13030/c8tq632m/,open,
df65vc295,[Empty Envelope with notes],,,,,,"San Luis Obispo, California, United States",,,"MS0002-- BOX 1-- FOLDER 41 Grace E. Barneburg Papers, Cal Poly Kennedy Library Special Collections and Archives",002-3-e-01-41-04,Text,Document,image/jpeg,eng,Notice regarding copyright of materials available online: http://lib.calpoly.edu/support/policies/sca-policies/copyright-guidelines/#online-copyright,,image,https://6cff3iwnwia62qiqak74dkfsku0fwjsd.lambda-url.us-west-2.on.aws/iiif/2/114ff2a511d184d89bdfc6db952b656fef21a779/full/max/0/default.jpg,"https://6cff3iwnwia62qiqak74dkfsku0fwjsd.lambda-url.us-west-2.on.aws/iiif/2/114ff2a511d184d89bdfc6db952b656fef21a779/full/800,/0/default.jpg","https://6cff3iwnwia62qiqak74dkfsku0fwjsd.lambda-url.us-west-2.on.aws/iiif/2/114ff2a511d184d89bdfc6db952b656fef21a779/full/450,/0/default.jpg",,,http://www.oac.cdlib.org/findaid/ark:/13030/c8tq632m/,open,
fn107275j,"Correspondence Shepard to Latimer, October 25, 1927",H. W. Shepherd,1927-10-25,1927-10-25,"Letter, October 25, 1927",,"Berkeley, California, United States",,,"MS0002-- BOX 1-- FOLDER 42 Grace E. Barneburg Papers, Cal Poly Kennedy Library Special Collections and Archives",002-3-e-01-42-01,Text,Letter,application/pdf,eng,Notice regarding copyright of materials available online: http://lib.calpoly.edu/support/policies/sca-policies/copyright-guidelines/#online-copyright,,pdf,https://archives.calstate.edu/downloads/wm117s591,,https://archives.calstate.edu/downloads/wm117s591?file=thumbnail,,,http://www.oac.cdlib.org/findaid/ark:/13030/c8tq632m/,open,
tm70mz65h,"Letter from Shepherd to Barneberg, March 10, 1927",H. W. Shepherd^^author,1927-03-10,1927-03-10,,,"Berkeley, California, United States",,,"MS0002-- BOX 1-- FOLDER 42-- Series: Monday Club Papers - Mitchell Park Square, San Luis Obispo Grace E. Barneburg Papers, Cal Poly Kennedy Library Special Collections and Archives",002-3-e-01-42-02,Text,Letter,application/pdf,eng,Notice regarding copyright of materials available online: http://lib.calpoly.edu/support/policies/sca-policies/copyright-guidelines/#online-copyright,,pdf,https://archives.calstate.edu/downloads/pc289n873,,https://archives.calstate.edu/downloads/pc289n873?file=thumbnail,,,http://www.oac.cdlib.org/findaid/ark:/13030/c8tq632m/,open,
3n204290w,[Testimony for Mitchell Park],,,,Collection of telegraphs,,"California, United States",,,"MS0002-- BOX 1-- FOLDER 42 Grace E. Barneburg Papers, Cal Poly Kennedy Library Special Collections and Archives",002-3-e-01-42-03,Text,Letter,application/pdf,eng,Notice regarding copyright of materials available online: http://lib.calpoly.edu/support/policies/sca-policies/copyright-guidelines/#online-copyright,,pdf,https://archives.calstate.edu/downloads/0g354j93z,,https://archives.calstate.edu/downloads/0g354j93z?file=thumbnail,,,http://www.oac.cdlib.org/findaid/ark:/13030/c8tq632m/,open,
pv63g416k,"The Nation May 14, 1924",,,,Articles,,"New York, United States",,,"MS0002-- BOX 1-- FOLDER 42 Grace E. Barneburg Papers, Cal Poly Kennedy Library Special Collections and Archives",002-3-e-01-42-04,Text,Document,application/pdf,eng,Notice regarding copyright of materials available online: http://lib.calpoly.edu/support/policies/sca-policies/copyright-guidelines/#online-copyright,,pdf,https://archives.calstate.edu/downloads/v118rj36m,,https://archives.calstate.edu/downloads/v118rj36m?file=thumbnail,,,http://www.oac.cdlib.org/findaid/ark:/13030/c8tq632m/,open,
pr76f7373,Report on Proposed Site for Park Square,,1905-04-11,1905-04-11,"Mitchell Park Report, undated",,"San Luis Obispo, California, United States",,,"MS0002-- BOX 1-- FOLDER 43 Grace E. Barneburg Papers, Cal Poly Kennedy Library Special Collections and Archives",002-3-e-01-43-01,Text,Report,application/pdf,eng,Notice regarding copyright of materials available online: http://lib.calpoly.edu/support/policies/sca-policies/copyright-guidelines/#online-copyright,,pdf,https://archives.calstate.edu/downloads/8910jz39r,,https://archives.calstate.edu/downloads/8910jz39r?file=thumbnail,,,http://www.oac.cdlib.org/findaid/ark:/13030/c8tq632m/,open,
2801pm237,[Groundbreaking Monday Club],,,,"Mrs. Jane L.T. Kurtwright, Grace E. Barneberg, and James Jepson, Contractor",,"San Luis Obispo, California, United States",,,"MS0002-- BOX 1-- FOLDER 44 Grace E. Barneburg Papers, Cal Poly Kennedy Library Special Collections and Archives",002-3-f-01-44-01,Image,Photographic print,image/jpeg,,Notice regarding copyright of materials available online: http://lib.calpoly.edu/support/policies/sca-policies/copyright-guidelines/#online-copyright,,image,https://6cff3iwnwia62qiqak74dkfsku0fwjsd.lambda-url.us-west-2.on.aws/iiif/2/791abd7f46dd15be8c037ca34c9cb866d5ded471/full/max/0/default.jpg,"https://6cff3iwnwia62qiqak74dkfsku0fwjsd.lambda-url.us-west-2.on.aws/iiif/2/791abd7f46dd15be8c037ca34c9cb866d5ded471/full/800,/0/default.jpg","https://6cff3iwnwia62qiqak74dkfsku0fwjsd.lambda-url.us-west-2.on.aws/iiif/2/791abd7f46dd15be8c037ca34c9cb866d5ded471/full/450,/0/default.jpg",,,http://www.oac.cdlib.org/findaid/ark:/13030/c8tq632m/,open,
g445ch53w,"The Monday Club, San Luis Obispo",,,,Hand Drawing copy on photo paper,,"San Luis Obispo, California, United States",,,"MS0002-- BOX 1-- FOLDER 45 Grace E. Barneburg Papers, Cal Poly Kennedy Library Special Collections and Archives",002-3-f-01-45-01,Image,Illustration,image/jpeg,,Notice regarding copyright of materials available online: http://lib.calpoly.edu/support/policies/sca-policies/copyright-guidelines/#online-copyright,,image,https://6cff3iwnwia62qiqak74dkfsku0fwjsd.lambda-url.us-west-2.on.aws/iiif/2/6ed0dc352f03c27811f1eeb9b4c8c203c2b4a3c4/full/max/0/default.jpg,"https://6cff3iwnwia62qiqak74dkfsku0fwjsd.lambda-url.us-west-2.on.aws/iiif/2/6ed0dc352f03c27811f1eeb9b4c8c203c2b4a3c4/full/800,/0/default.jpg","https://6cff3iwnwia62qiqak74dkfsku0fwjsd.lambda-url.us-west-2.on.aws/iiif/2/6ed0dc352f03c27811f1eeb9b4c8c203c2b4a3c4/full/450,/0/default.jpg",,,http://www.oac.cdlib.org/findaid/ark:/13030/c8tq632m/,open,
t148fm81k,"[Monday Club exterior with list of names], 1934",,1934-04-13,1934-04-13,"A photo of the exterior of the Monday Club in 1934, prior to the landscaping. On the back of the photograph, it references a luncheon on April 13, 1934 with a list of the following names: Bernice Masengill Elisabeth C. Law Winifred S. Dairs [?] Mary Edna Kaufman Jane A. Curtright [?] Mabel M. Dunne Madge Knickerbocker M. [ill.] Throop Virginia Sydney Burton Chita [?] S. Ranson Edna Weir Olga A. Onstad Margaret B. Cooper",,"San Luis Obispo, California, United States",,,"MS0002-- BOX 1-- FOLDER 45-- Series: Monday Club Papers - Photographs, Monday Club Grace E. Barneburg Papers, Cal Poly Kennedy Library Special Collections and Archives",002-3-f-01-45-02,Text,Photographic print,application/pdf,eng,Notice regarding copyright of materials available online: http://lib.calpoly.edu/support/policies/sca-policies/copyright-guidelines/#online-copyright,,pdf,https://archives.calstate.edu/downloads/r781wk758,,https://archives.calstate.edu/downloads/r781wk758?file=thumbnail,,,http://www.oac.cdlib.org/findaid/ark:/13030/c8tq632m/,open,
x920g108k,"Monday Club, San Luis Obispo",,circa 1934,1934,"Exterior photograph of the Monday Club, designed by architect Julia Morgan. 1815 Monterey Street, San Luis Obispo",,"San Luis Obispo, California, United States",,,"MS0002-- BOX 1-- FOLDER 45-- Series: Monday Club Papers - Photographs, Monday Club Grace E. Barneburg Papers, Cal Poly Kennedy Library Special Collections and Archives",002-3-f-01-45-03,Image,Photographic print,image/jpeg,,Notice regarding copyright of materials available online: http://lib.calpoly.edu/support/policies/sca-policies/copyright-guidelines/#online-copyright,,image,https://6cff3iwnwia62qiqak74dkfsku0fwjsd.lambda-url.us-west-2.on.aws/iiif/2/3b7b198b29a02c33a056016bfe6d3f83076ef648/full/max/0/default.jpg,"https://6cff3iwnwia62qiqak74dkfsku0fwjsd.lambda-url.us-west-2.on.aws/iiif/2/3b7b198b29a02c33a056016bfe6d3f83076ef648/full/800,/0/default.jpg","https://6cff3iwnwia62qiqak74dkfsku0fwjsd.lambda-url.us-west-2.on.aws/iiif/2/3b7b198b29a02c33a056016bfe6d3f83076ef648/full/450,/0/default.jpg",,,http://www.oac.cdlib.org/findaid/ark:/13030/c8tq632m/,open,
4b29b9171,"Monday Club, interior",,,,"Photograph of interior of Monday Club, designed by architect Julia Morgan. Loquat murals on walls by San Francisco painter Doris Day. Chinese lanterns hanging. Women seated at tables. 1815 Monterey Street, San Luis Obispo.",,"San Luis Obispo, California, United States",,,"MS0002-- BOX 1-- FOLDER 46-- Series: Monday Club Papers - Photographs, Monday Club Grace E. Barneburg Papers, Cal Poly Kennedy Library Special Collections and Archives",002-3-f-01-46-01,Image,Photographic print,image/jpeg,,Notice regarding copyright of materials available online: http://lib.calpoly.edu/support/policies/sca-policies/copyright-guidelines/#online-copyright,,image,https://6cff3iwnwia62qiqak74dkfsku0fwjsd.lambda-url.us-west-2.on.aws/iiif/2/9127dffb456e659f84325eca5b3df3ee0d7c32be/full/max/0/default.jpg,"https://6cff3iwnwia62qiqak74dkfsku0fwjsd.lambda-url.us-west-2.on.aws/iiif/2/9127dffb456e659f84325eca5b3df3ee0d7c32be/full/800,/0/default.jpg","https://6cff3iwnwia62qiqak74dkfsku0fwjsd.lambda-url.us-west-2.on.aws/iiif/2/9127dffb456e659f84325eca5b3df3ee0d7c32be/full/450,/0/default.jpg",,,http://www.oac.cdlib.org/findaid/ark:/13030/c8tq632m/,open,
k930c147h,[Women seated in Monday Club] [front and back],,circa 1940,1940,"Seated on left: Mae Louis Watson (daughter of Ah Louis), identified as ""Billy's Mother"" Third from left: Stella Louis (married Young Louis, son of Ah Louis) also the back of the photo identifies: Mrs. Louis Purrerra [sp?], identified as Louis Mother",,"San Luis Obispo, California, United States",,,"MS0002-- BOX 1-- FOLDER 46 Grace E. Barneburg Papers, Cal Poly Kennedy Library Special Collections and Archives",002-3-f-01-46-02,Image,Photographic print,image/jpeg,,Notice regarding copyright of materials available online: http://lib.calpoly.edu/support/policies/sca-policies/copyright-guidelines/#online-copyright,,image,https://6cff3iwnwia62qiqak74dkfsku0fwjsd.lambda-url.us-west-2.on.aws/iiif/2/fddef7e475418a980fd9fab4d1bb1a3d174b0882/full/max/0/default.jpg,"https://6cff3iwnwia62qiqak74dkfsku0fwjsd.lambda-url.us-west-2.on.aws/iiif/2/fddef7e475418a980fd9fab4d1bb1a3d174b0882/full/800,/0/default.jpg","https://6cff3iwnwia62qiqak74dkfsku0fwjsd.lambda-url.us-west-2.on.aws/iiif/2/fddef7e475418a980fd9fab4d1bb1a3d174b0882/full/450,/0/default.jpg",,,http://www.oac.cdlib.org/findaid/ark:/13030/c8tq632m/,open,
fn107214t,Monday Club Members,,,,Photograph,,"San Luis Obispo, California, United States",,,"MS0002-- BOX 1-- FOLDER 46 Grace E. Barneburg Papers, Cal Poly Kennedy Library Special Collections and Archives",002-3-f-01-46-03,Image,Photographic print,image/jpeg,,Notice regarding copyright of materials available online: http://lib.calpoly.edu/support/policies/sca-policies/copyright-guidelines/#online-copyright,,image,https://6cff3iwnwia62qiqak74dkfsku0fwjsd.lambda-url.us-west-2.on.aws/iiif/2/052ae8693af4e9d4f0cc4d119ddee8ad5979e9ee/full/max/0/default.jpg,"https://6cff3iwnwia62qiqak74dkfsku0fwjsd.lambda-url.us-west-2.on.aws/iiif/2/052ae8693af4e9d4f0cc4d119ddee8ad5979e9ee/full/800,/0/default.jpg","https://6cff3iwnwia62qiqak74dkfsku0fwjsd.lambda-url.us-west-2.on.aws/iiif/2/052ae8693af4e9d4f0cc4d119ddee8ad5979e9ee/full/450,/0/default.jpg",,,http://www.oac.cdlib.org/findaid/ark:/13030/c8tq632m/,open,
8s45qd932,115 V-Gen Moving Tank South City Limits [front and back],,,,Lower Higuera Signage. The Monday Club of San Luis Obispo paid for this sign over lower Higuera in 1926. it was removed when the street was widened and stored in the Monday Club basement. May have been destroyed in 1983.,,"San Luis Obispo, California, United States",,,"MS0002-- BOX 1-- FOLDER 47 Grace E. Barneburg Papers, Cal Poly Kennedy Library Special Collections and Archives",002-3-f-01-47-01,Image,Photographic print,image/jpeg,,Notice regarding copyright of materials available online: http://lib.calpoly.edu/support/policies/sca-policies/copyright-guidelines/#online-copyright,,image,https://6cff3iwnwia62qiqak74dkfsku0fwjsd.lambda-url.us-west-2.on.aws/iiif/2/05fdc9100c3432d77a5410fc14528c7c825c2545/full/max/0/default.jpg,"https://6cff3iwnwia62qiqak74dkfsku0fwjsd.lambda-url.us-west-2.on.aws/iiif/2/05fdc9100c3432d77a5410fc14528c7c825c2545/full/800,/0/default.jpg","https://6cff3iwnwia62qiqak74dkfsku0fwjsd.lambda-url.us-west-2.on.aws/iiif/2/05fdc9100c3432d77a5410fc14528c7c825c2545/full/450,/0/default.jpg",,,http://www.oac.cdlib.org/findaid/ark:/13030/c8tq632m/,open,